{
  "latencies": {
    "rootulp": {
      "week": {
        "n": 2,
        "medianHours": 4.311388888888889,
        "p90Hours": 4.311388888888889
      },
      "month": {
        "n": 5,
        "medianHours": 2.7594444444444446,
        "p90Hours": 6.3933333333333335
      },
      "year": {
        "n": 168,
        "medianHours": 3.6341666666666668,
        "p90Hours": 36.657222222222224
      }
    },
    "ninabarbakadze": {
      "week": {
        "n": 14,
        "medianHours": 14.452222222222222,
        "p90Hours": 48.03333333333333
      },
      "month": {
        "n": 21,
        "medianHours": 13.573055555555555,
        "p90Hours": 57.17722222222222
      },
      "year": {
        "n": 243,
        "medianHours": 9.8975,
        "p90Hours": 57.10861111111111
      }
    },
    "rach-id": {
      "week": {
        "n": 22,
        "medianHours": 5.824166666666667,
        "p90Hours": 40.62361111111111
      },
      "month": {
        "n": 47,
        "medianHours": 1.2616666666666667,
        "p90Hours": 18.9675
      },
      "year": {
        "n": 366,
        "medianHours": 2.476111111111111,
        "p90Hours": 35.84111111111111
      }
    },
    "mcrakhman": {
      "week": {
        "n": 9,
        "medianHours": 84.44333333333333,
        "p90Hours": 460.8880555555556
      },
      "month": {
        "n": 11,
        "medianHours": 139.51444444444445,
        "p90Hours": 319.37583333333333
      },
      "year": {
        "n": 51,
        "medianHours": 15.359722222222222,
        "p90Hours": 310.64944444444444
      }
    },
    "vgonkivs": {
      "week": {
        "n": 10,
        "medianHours": 84.99194444444444,
        "p90Hours": 244.45
      },
      "month": {
        "n": 11,
        "medianHours": 83.2088888888889,
        "p90Hours": 192.0438888888889
      },
      "year": {
        "n": 47,
        "medianHours": 69.77527777777777,
        "p90Hours": 334.7630555555556
      }
    },
    "evan-forbes": {
      "week": {
        "n": 0,
        "medianHours": null,
        "p90Hours": null
      },
      "month": {
        "n": 3,
        "medianHours": 0.4286111111111111,
        "p90Hours": 0.49833333333333335
      },
      "year": {
        "n": 84,
        "medianHours": 8.129166666666666,
        "p90Hours": 90.62222222222222
      }
    },
    "walldiss": {
      "week": {
        "n": 1,
        "medianHours": 340.4530555555556,
        "p90Hours": 340.4530555555556
      },
      "month": {
        "n": 1,
        "medianHours": 340.4530555555556,
        "p90Hours": 340.4530555555556
      },
      "year": {
        "n": 54,
        "medianHours": 29.1275,
        "p90Hours": 363.5077777777778
      }
    },
    "Wondertan": {
      "week": {
        "n": 0,
        "medianHours": null,
        "p90Hours": null
      },
      "month": {
        "n": 1,
        "medianHours": 0.055,
        "p90Hours": 0.055
      },
      "year": {
        "n": 26,
        "medianHours": 2.216388888888889,
        "p90Hours": 91.83944444444444
      }
    }
  },
  "teamMembers": [
    {
      "name": "Rootul",
      "github": "rootulp",
      "defaultHidden": false
    },
    {
      "name": "Nina",
      "github": "ninabarbakadze",
      "defaultHidden": false
    },
    {
      "name": "Rachid",
      "github": "rach-id",
      "defaultHidden": false
    },
    {
      "name": "Mikhail",
      "github": "mcrakhman",
      "defaultHidden": false
    },
    {
      "name": "Slava",
      "github": "vgonkivs",
      "defaultHidden": false
    },
    {
      "name": "Evan",
      "github": "evan-forbes",
      "defaultHidden": false
    },
    {
      "name": "Vlad",
      "github": "walldiss",
      "defaultHidden": true
    },
    {
      "name": "Hlib",
      "github": "Wondertan",
      "defaultHidden": true
    }
  ],
  "computedAt": "2026-06-14T03:59:29.579Z",
  "windows": {
    "weekStart": "2026-06-08T00:00:00.000Z",
    "monthStart": "2026-06-01T00:00:00.000Z",
    "yearStart": "2026-01-01T00:00:00.000Z"
  }
}