{
  "latencies": {
    "rootulp": {
      "week": {
        "n": 0,
        "medianHours": null,
        "p90Hours": null
      },
      "month": {
        "n": 0,
        "medianHours": null,
        "p90Hours": null
      },
      "year": {
        "n": 168,
        "medianHours": 3.6341666666666668,
        "p90Hours": 36.657222222222224
      }
    },
    "ninabarbakadze": {
      "week": {
        "n": 0,
        "medianHours": null,
        "p90Hours": null
      },
      "month": {
        "n": 0,
        "medianHours": null,
        "p90Hours": null
      },
      "year": {
        "n": 269,
        "medianHours": 8.22861111111111,
        "p90Hours": 56.1975
      }
    },
    "rach-id": {
      "week": {
        "n": 1,
        "medianHours": 2.9066666666666667,
        "p90Hours": 2.9066666666666667
      },
      "month": {
        "n": 1,
        "medianHours": 2.9066666666666667,
        "p90Hours": 2.9066666666666667
      },
      "year": {
        "n": 410,
        "medianHours": 1.9983333333333333,
        "p90Hours": 30.8975
      }
    },
    "mcrakhman": {
      "week": {
        "n": 2,
        "medianHours": 52.88583333333333,
        "p90Hours": 52.88583333333333
      },
      "month": {
        "n": 2,
        "medianHours": 52.88583333333333,
        "p90Hours": 52.88583333333333
      },
      "year": {
        "n": 65,
        "medianHours": 15.581111111111111,
        "p90Hours": 229.42666666666668
      }
    },
    "vgonkivs": {
      "week": {
        "n": 1,
        "medianHours": 0.21694444444444444,
        "p90Hours": 0.21694444444444444
      },
      "month": {
        "n": 1,
        "medianHours": 0.21694444444444444,
        "p90Hours": 0.21694444444444444
      },
      "year": {
        "n": 77,
        "medianHours": 28.356666666666666,
        "p90Hours": 259.80555555555554
      }
    },
    "evan-forbes": {
      "week": {
        "n": 0,
        "medianHours": null,
        "p90Hours": null
      },
      "month": {
        "n": 0,
        "medianHours": null,
        "p90Hours": null
      },
      "year": {
        "n": 84,
        "medianHours": 8.129166666666666,
        "p90Hours": 90.62222222222222
      }
    },
    "walldiss": {
      "week": {
        "n": 0,
        "medianHours": null,
        "p90Hours": null
      },
      "month": {
        "n": 0,
        "medianHours": null,
        "p90Hours": null
      },
      "year": {
        "n": 54,
        "medianHours": 29.1275,
        "p90Hours": 363.5077777777778
      }
    },
    "Wondertan": {
      "week": {
        "n": 0,
        "medianHours": null,
        "p90Hours": null
      },
      "month": {
        "n": 0,
        "medianHours": null,
        "p90Hours": null
      },
      "year": {
        "n": 26,
        "medianHours": 2.216388888888889,
        "p90Hours": 91.83944444444444
      }
    }
  },
  "teamMembers": [
    {
      "name": "Rootul",
      "github": "rootulp",
      "defaultHidden": false
    },
    {
      "name": "Nina",
      "github": "ninabarbakadze",
      "defaultHidden": false
    },
    {
      "name": "Rachid",
      "github": "rach-id",
      "defaultHidden": false
    },
    {
      "name": "Mikhail",
      "github": "mcrakhman",
      "defaultHidden": false
    },
    {
      "name": "Slava",
      "github": "vgonkivs",
      "defaultHidden": false
    },
    {
      "name": "Evan",
      "github": "evan-forbes",
      "defaultHidden": false
    },
    {
      "name": "Vlad",
      "github": "walldiss",
      "defaultHidden": true
    },
    {
      "name": "Hlib",
      "github": "Wondertan",
      "defaultHidden": true
    }
  ],
  "computedAt": "2026-07-02T03:29:48.002Z",
  "windows": {
    "weekStart": "2026-06-29T00:00:00.000Z",
    "monthStart": "2026-07-01T00:00:00.000Z",
    "yearStart": "2026-01-01T00:00:00.000Z"
  }
}