{
  "latencies": {
    "rootulp": {
      "week": {
        "n": 0,
        "medianHours": null,
        "p90Hours": null
      },
      "month": {
        "n": 5,
        "medianHours": 2.7594444444444446,
        "p90Hours": 6.3933333333333335
      },
      "year": {
        "n": 168,
        "medianHours": 3.6341666666666668,
        "p90Hours": 36.657222222222224
      }
    },
    "ninabarbakadze": {
      "week": {
        "n": 15,
        "medianHours": 1.7666666666666666,
        "p90Hours": 12.54111111111111
      },
      "month": {
        "n": 40,
        "medianHours": 6.940833333333333,
        "p90Hours": 57.17722222222222
      },
      "year": {
        "n": 262,
        "medianHours": 8.296388888888888,
        "p90Hours": 56.1975
      }
    },
    "rach-id": {
      "week": {
        "n": 20,
        "medianHours": 0.8922222222222222,
        "p90Hours": 9.452222222222222
      },
      "month": {
        "n": 85,
        "medianHours": 1.1816666666666666,
        "p90Hours": 10.706944444444444
      },
      "year": {
        "n": 404,
        "medianHours": 2.2094444444444443,
        "p90Hours": 30.56138888888889
      }
    },
    "mcrakhman": {
      "week": {
        "n": 7,
        "medianHours": 59.929722222222225,
        "p90Hours": 117.72583333333333
      },
      "month": {
        "n": 23,
        "medianHours": 63.32138888888889,
        "p90Hours": 317.6872222222222
      },
      "year": {
        "n": 63,
        "medianHours": 15.581111111111111,
        "p90Hours": 229.42666666666668
      }
    },
    "vgonkivs": {
      "week": {
        "n": 16,
        "medianHours": 13.803055555555556,
        "p90Hours": 129.3713888888889
      },
      "month": {
        "n": 35,
        "medianHours": 13.803055555555556,
        "p90Hours": 129.3713888888889
      },
      "year": {
        "n": 71,
        "medianHours": 28.356666666666666,
        "p90Hours": 259.80555555555554
      }
    },
    "evan-forbes": {
      "week": {
        "n": 0,
        "medianHours": null,
        "p90Hours": null
      },
      "month": {
        "n": 3,
        "medianHours": 0.4286111111111111,
        "p90Hours": 0.49833333333333335
      },
      "year": {
        "n": 84,
        "medianHours": 8.129166666666666,
        "p90Hours": 90.62222222222222
      }
    },
    "walldiss": {
      "week": {
        "n": 0,
        "medianHours": null,
        "p90Hours": null
      },
      "month": {
        "n": 1,
        "medianHours": 340.4530555555556,
        "p90Hours": 340.4530555555556
      },
      "year": {
        "n": 54,
        "medianHours": 29.1275,
        "p90Hours": 363.5077777777778
      }
    },
    "Wondertan": {
      "week": {
        "n": 0,
        "medianHours": null,
        "p90Hours": null
      },
      "month": {
        "n": 1,
        "medianHours": 0.055,
        "p90Hours": 0.055
      },
      "year": {
        "n": 26,
        "medianHours": 2.216388888888889,
        "p90Hours": 91.83944444444444
      }
    }
  },
  "teamMembers": [
    {
      "name": "Rootul",
      "github": "rootulp",
      "defaultHidden": false
    },
    {
      "name": "Nina",
      "github": "ninabarbakadze",
      "defaultHidden": false
    },
    {
      "name": "Rachid",
      "github": "rach-id",
      "defaultHidden": false
    },
    {
      "name": "Mikhail",
      "github": "mcrakhman",
      "defaultHidden": false
    },
    {
      "name": "Slava",
      "github": "vgonkivs",
      "defaultHidden": false
    },
    {
      "name": "Evan",
      "github": "evan-forbes",
      "defaultHidden": false
    },
    {
      "name": "Vlad",
      "github": "walldiss",
      "defaultHidden": true
    },
    {
      "name": "Hlib",
      "github": "Wondertan",
      "defaultHidden": true
    }
  ],
  "computedAt": "2026-06-27T02:59:04.132Z",
  "windows": {
    "weekStart": "2026-06-22T00:00:00.000Z",
    "monthStart": "2026-06-01T00:00:00.000Z",
    "yearStart": "2026-01-01T00:00:00.000Z"
  }
}